name,sequence
ATS_005 (Subra_1),AAACCGGAGCCATACAGTAC
ATS_006 (Subra_94),ATTAGTACACTCCGTGAGCG
ATS_007 (Subra_2),AAAGCACTCTTAGGCCTCTG
ATS_008 (Subra_95),ATTCAAGGGTTGGACGACTC
ATS_009 (Subra_3),AAAGGGGCCGTCAATATCAG
ATS_010 (Subra_96),ATTCTCACGACGCAAGATGG
ATS_013 (Subra_4),AAATAAGACGACGACCCTCG
ATS_014 (Subra_97),ATTGACGGGAACTACACTCG
ATS_015 (Subra_5),AACGATGATGCTCACTCTCG
ATS_016 (Subra_98),CACTCGATAGGTACAACCGG
ATS_017 (Subra_6),AACTCCATCGGACTAATGCG
ATS_018 (Subra_99),CAGACCTACGGATCTTAGCG
ATS_019 (Subra_7),AACTCGATAACAGGGAACCC
ATS_020 (Subra_100),CCACGAGATAAGAGGATGGC